{
  "cap_current": 88000000,
  "polynomial": {
    "Offensive Driver F": {
      "coef_a": -3.138785643886635e-06,
      "coef_b": 0.0013778611459697076,
      "coef_c": -0.010223835723105127,
      "degree": 2
    }
  },
  "three_tier": {
    "Defensive / PK Forward": {
      "p33": 41.0194045,
      "p66": 59.8618995,
      "t1": 1000000.0,
      "t2": 1100000.0,
      "t3": 3250000.0
    },
    "Depth / Bottom-6 F": {
      "p33": 12.4427331,
      "p66": 30.1777641,
      "t1": 775000.0,
      "t2": 1000000.0,
      "t3": 1650000.0
    },
    "Shutdown Defenseman": {
      "p33": 65.2879128,
      "p66": 79.5727736,
      "t1": 2500000.0,
      "t2": 3750000.0,
      "t3": 4000000.0
    },
    "Depth / 7th Defenseman": {
      "p33": 17.3399915,
      "p66": 30.23827,
      "t1": 793750.0,
      "t2": 812500.0,
      "t3": 775000.0
    },
    "Offensive Defenseman": {
      "p33": 16.3604261,
      "p66": 28.76693400000001,
      "t1": 1500000.0,
      "t2": 5187500.0,
      "t3": 5500000.0
    }
  }
}